{
    "10": [
        0.0,
        0.0020003318786621094,
        0.002000570297241211
    ],
    "100": [
        0.0010006427764892578,
        0.00400090217590332,
        0.00600123405456543
    ],
    "1000": [
        0.026005983352661133,
        0.13463687896728516,
        0.31707215309143066
    ]
}