{
    "time_data": {
        "10": [
            0.0010001659393310547,
            "NA",
            0.0009999275207519531
        ],
        "50": [
            0.002000570297241211,
            "NA",
            0.003000497817993164
        ],
        "100": [
            0.002000570297241211,
            "NA",
            0.007001638412475586
        ],
        "2000": [
            0.05301237106323242,
            "NA",
            1.2003774642944336
        ]
    },
    "max_rows": 2000,
    "max_time": 1.2003774642944336
}