cardinality,time_attr3,time_attr6,time_attr9
8,0.0010001659393310547,,
8,0.0010001659393310547,,
8,0.0010001659393310547,,
8,0,,
