{
    "1": [
        5,
        20,
        0.014285714285714285
    ],
    "2": [
        4,
        60,
        0.02
    ],
    "3": [
        5,
        30,
        0.016666666666666666
    ],
    "4": [
        1,
        80,
        0.016666666666666666
    ],
    "5": [
        5,
        90,
        0.025
    ],
    "6": [
        9,
        30,
        0.02
    ],
    "7": [
        7,
        80,
        0.025
    ],
    "8": [
        9,
        90,
        0.03333333333333333
    ]
}