{
    "time_data": {
        "10": [
            0.0010004043579101562,
            "NA",
            "NA"
        ],
        "20": [
            0.003000974655151367,
            "NA",
            "NA"
        ],
        "50": [
            0.010614633560180664,
            "NA",
            "NA"
        ],
        "100": [
            0.1180264949798584,
            "NA",
            "NA"
        ],
        "500": [
            7.278832197189331,
            "NA",
            "NA"
        ]
    },
    "max_rows": 500,
    "max_time": 7.278832197189331
}